modified_sequence,collision_energy,precursor_charge
ETLVYLTHLDYVDTER,25,3
QDQVLDVSGADMLAK,35,2
PVKAALDLAAGNHPDQGGGPGADQR,30,3
FSVNLDVK,35,2
MFDIVGTHLTHR,25,4
LNPNEYFDLDVKTNEEETNFLELVLR,30,3
NQGEENGFPDSTGDPLPEISK,35,3
SILDGLADTTFR,30,2
EEDLFPVVQRQLEAVQER,30,3
SSSEVFLVDETLK,30,2
EIIELPLKQPELFK,30,2
DKNYGSYYGVGDYPVVK,35,3
PYECHQCGKAFSQR,25,4
INEAFEALK,30,2
ARSLGNYELDVSPYEDTVTSKPWK,35,3
YSETPFSREYYEK,30,2
YGVLLEGSGLALR,35,2
GNFIPHTYCDHMSVAK,30,3
LLAEYNATQMKMK,35,2
HLNVLCDVSGK,35,2
LDLSENQIQAIPR,30,2
GMPKASFNNESSLR,35,3
FYAAAMNAGAPSR,25,2
ERPLGEMGSPPAAGFVTLGRLAK,30,3
GEVVENTHNVGAGGCAK,35,2
LMHSFCAFK,25,3
LTEDFVSHLETELEQSR,30,2
VTEVCSMPAASAVKK,25,3
MSLVMPAMAPNETLSGR,30,2
GQVSAVLDIR,30,2
MMLLENCLVEK,25,2
QEYQKLGPIR,25,2
TGTFCALSTVLER,30,2
ITVVAGEHNIEETEHTEQKR,25,5
LVFLGEQSVGK,30,2
FHGMFLQNASQK,35,2
YIAIMHPR,25,2
WRPQGTGTGAR,30,2
EKLLVQAENR,25,3
GAFQQAAQILLHAR,30,2
AAVEDNHLLIK,25,2
VILEKEGPR,35,2
MGRPEGEGTPGLTAK,30,2
EVFDSAILSAIEHK,35,2
TMELLTQNWDLSK,30,2
FISLQQPPAPAEPESAVDVSK,30,2
GGLGPGLISVLHISGTQESDFSR,30,3
FLTVMMK,35,2
AIGSASEGAQSSLQEVYHK,25,2
HYAGTVTYQVHK,30,3
PLEMEQQQAYRPEMK,30,3
WNVEMESSR,30,2
MDLPALLPAPTAR,25,2
ELEQEAHFVAGER,25,2
VSNENLDYAILK,35,2
TGGPPPTPLPNMER,30,2
ASVSVTAEDEGTQR,30,2
VLLGDAQR,25,2
IFQTHKYVK,30,3
VQDQSNQLREHQENSLR,35,4
SILSSLTSVMK,30,2
KLQALNADAR,25,3
VEAAHYQLVYTCK,30,2
LLGAYYHDGK,30,2
SRPAAESTGLEATFPK,35,3
LLQEYVYEHER,25,3
SYQLEGVNWLAQR,30,2
LSCDFSGLSLTSATLKR,35,3
RRSPESLPAGPGAAALEGGTR,35,4
MLRFIQEVNTTTR,25,3
AYSEAHEISK,35,3
EAAEEKPEEDNDYHR,25,4
LAAELATLGALEQQR,30,2
YLEYQQVANSDPARYEFLWGPR,30,3
NRHSPDHPGMGSSQASSSSSLR,25,4
IHTGEKPYQCPECGKNFSR,30,4
IAQQVQLQQQQEQVR,35,2
NTLDLIAPSPADAQHWVLGLHK,25,4
SLLEQENHSPLTGSNMK,30,3
SDVWSFGILQTELVTK,30,2
TYLEEELDKWAK,30,3
IIHGNQIATNGVVHVIDR,30,4
EVDRMLALQPR,30,3
AVLLGPPGAGK,30,2
VALERIWNK,25,2
LHCFQLTVTPDEGYYQGGK,30,3
FLGSVQVPYHK,30,2
ATMQMTPGEFR,25,2
ITPYLLHFSNDSVPR,25,3
EIFSLVLRR,25,2
ASNPGPSGAPGTRQHFSTSR,35,3
VFQEEDLR,30,2
GVPDSPQR,25,2
LDPLCEK,30,2
SPVSPLAAQGIPLPAQLTK,35,2
VRIGDDLILVSVSSER,35,2
GTLPVDQEKCGMGPSGPSALK,35,3
YLASVQGSAPSPGKK,30,3
TPCVGDKDSSPGVR,35,3
LQEQEEMLREQEVQR,35,3